installment_id,contract_id,installment_number,due_date,principal_due,interest_due,total_due,installment_status,paid_at,created_at,updated_at
8bafd020-6b4f-5c2b-9141-53c37ce36a13,b8a9a90b-b682-59a3-9f6b-7573bca28843,1,2026-05-11,1333333.33,800000.00,2133333.33,OVERDUE,,2026-04-11 09:22:10,2026-05-11 00:00:00
79910016-772c-5205-b779-ab5ca92707a7,b8a9a90b-b682-59a3-9f6b-7573bca28843,2,2026-06-11,1333333.33,777777.78,2111111.11,OVERDUE,,2026-04-11 09:22:10,2026-06-11 00:00:00
26af6201-d3b0-510d-9046-0011fbfaab2f,b8a9a90b-b682-59a3-9f6b-7573bca28843,3,2026-07-11,1333333.33,755555.56,2088888.89,OVERDUE,,2026-04-11 09:22:10,2026-07-11 00:00:00
d9b5417b-bc9e-53c0-b73b-01c397a6d778,b8a9a90b-b682-59a3-9f6b-7573bca28843,4,2026-08-11,1333333.33,733333.33,2066666.66,PENDING,,2026-04-11 09:22:10,2026-07-31 00:00:00
abc3fda3-ed2d-53c6-aa48-0ca95fe3e07c,b8a9a90b-b682-59a3-9f6b-7573bca28843,5,2026-09-11,1333333.33,711111.11,2044444.44,PENDING,,2026-04-11 09:22:10,2026-07-31 00:00:00
9942a694-93b4-52a3-ae41-82d28f82cd56,b8a9a90b-b682-59a3-9f6b-7573bca28843,6,2026-10-11,1333333.33,688888.89,2022222.22,PENDING,,2026-04-11 09:22:10,2026-07-31 00:00:00
7d2934e3-8af2-5e7a-aef3-5691a0d7f669,b8a9a90b-b682-59a3-9f6b-7573bca28843,7,2026-11-11,1333333.33,666666.67,2000000.00,PENDING,,2026-04-11 09:22:10,2026-07-31 00:00:00
cede5f7e-4a5e-56b4-873b-fb504b57db41,b8a9a90b-b682-59a3-9f6b-7573bca28843,8,2026-12-11,1333333.33,644444.44,1977777.77,PENDING,,2026-04-11 09:22:10,2026-07-31 00:00:00
05611f4c-47d6-5579-af6c-535dacf36619,b8a9a90b-b682-59a3-9f6b-7573bca28843,9,2027-01-11,1333333.33,622222.22,1955555.55,PENDING,,2026-04-11 09:22:10,2026-07-31 00:00:00
9ce81b1b-02b6-5b08-9021-f739950f57d1,b8a9a90b-b682-59a3-9f6b-7573bca28843,10,2027-02-11,1333333.33,600000.00,1933333.33,PENDING,,2026-04-11 09:22:10,2026-07-31 00:00:00
521adb91-414b-5c12-be3f-fe8136644477,b8a9a90b-b682-59a3-9f6b-7573bca28843,11,2027-03-11,1333333.33,577777.78,1911111.11,PENDING,,2026-04-11 09:22:10,2026-07-31 00:00:00
a12a19d9-e650-5dde-ba70-87d9b81a660b,b8a9a90b-b682-59a3-9f6b-7573bca28843,12,2027-04-11,1333333.33,555555.56,1888888.89,PENDING,,2026-04-11 09:22:10,2026-07-31 00:00:00
6c28e63a-4cb7-5cce-9c56-05f22c781d79,b8a9a90b-b682-59a3-9f6b-7573bca28843,13,2027-05-11,1333333.33,533333.33,1866666.66,PENDING,,2026-04-11 09:22:10,2026-07-31 00:00:00
43529306-9521-5d72-a621-e846a4f7a699,b8a9a90b-b682-59a3-9f6b-7573bca28843,14,2027-06-11,1333333.33,511111.11,1844444.44,PENDING,,2026-04-11 09:22:10,2026-07-31 00:00:00
34f0d4a0-5451-5512-984f-480f53599e05,b8a9a90b-b682-59a3-9f6b-7573bca28843,15,2027-07-11,1333333.33,488888.89,1822222.22,PENDING,,2026-04-11 09:22:10,2026-07-31 00:00:00
f21f083f-a396-5c40-b5ea-5394536db7e6,b8a9a90b-b682-59a3-9f6b-7573bca28843,16,2027-08-11,1333333.33,466666.67,1800000.00,PENDING,,2026-04-11 09:22:10,2026-07-31 00:00:00
8c8d1802-8f1a-50e6-b9e5-9acf87a8c128,b8a9a90b-b682-59a3-9f6b-7573bca28843,17,2027-09-11,1333333.33,444444.45,1777777.78,PENDING,,2026-04-11 09:22:10,2026-07-31 00:00:00
1a57af01-16ed-546a-ae39-d1d05575f331,b8a9a90b-b682-59a3-9f6b-7573bca28843,18,2027-10-11,1333333.33,422222.22,1755555.55,PENDING,,2026-04-11 09:22:10,2026-07-31 00:00:00
9f1917eb-5f5c-5d4e-ab2a-f20f8fc68b8a,b8a9a90b-b682-59a3-9f6b-7573bca28843,19,2027-11-11,1333333.33,400000.00,1733333.33,PENDING,,2026-04-11 09:22:10,2026-07-31 00:00:00
b57064f6-8ea2-5249-a3ba-0ca39c0092f1,b8a9a90b-b682-59a3-9f6b-7573bca28843,20,2027-12-11,1333333.33,377777.78,1711111.11,PENDING,,2026-04-11 09:22:10,2026-07-31 00:00:00
b6d8ed78-4146-5899-ae27-62920f093596,b8a9a90b-b682-59a3-9f6b-7573bca28843,21,2028-01-11,1333333.33,355555.56,1688888.89,PENDING,,2026-04-11 09:22:10,2026-07-31 00:00:00
554ce8af-c35b-5e00-8383-71dd19313ccf,b8a9a90b-b682-59a3-9f6b-7573bca28843,22,2028-02-11,1333333.33,333333.33,1666666.66,PENDING,,2026-04-11 09:22:10,2026-07-31 00:00:00
d07e3039-66b7-5be5-9251-2e809a5fadce,b8a9a90b-b682-59a3-9f6b-7573bca28843,23,2028-03-11,1333333.33,311111.11,1644444.44,PENDING,,2026-04-11 09:22:10,2026-07-31 00:00:00
a762e9b5-12c9-5dee-9e19-b25340b5aba3,b8a9a90b-b682-59a3-9f6b-7573bca28843,24,2028-04-11,1333333.33,288888.89,1622222.22,PENDING,,2026-04-11 09:22:10,2026-07-31 00:00:00
7f4558a5-682a-541f-af16-8ed43fb8a3ec,b8a9a90b-b682-59a3-9f6b-7573bca28843,25,2028-05-11,1333333.33,266666.67,1600000.00,PENDING,,2026-04-11 09:22:10,2026-07-31 00:00:00
38b61b22-d79d-5e06-8107-ad803f4739d7,b8a9a90b-b682-59a3-9f6b-7573bca28843,26,2028-06-11,1333333.33,244444.45,1577777.78,PENDING,,2026-04-11 09:22:10,2026-07-31 00:00:00
455e2a0c-1068-57d9-af0a-52b53195f6b9,b8a9a90b-b682-59a3-9f6b-7573bca28843,27,2028-07-11,1333333.33,222222.22,1555555.55,PENDING,,2026-04-11 09:22:10,2026-07-31 00:00:00
f9c0fbbe-c12f-5e84-8993-2fd0e89fc049,b8a9a90b-b682-59a3-9f6b-7573bca28843,28,2028-08-11,1333333.33,200000.00,1533333.33,PENDING,,2026-04-11 09:22:10,2026-07-31 00:00:00
f599fd5a-2143-5950-925a-65dd87c77b52,b8a9a90b-b682-59a3-9f6b-7573bca28843,29,2028-09-11,1333333.33,177777.78,1511111.11,PENDING,,2026-04-11 09:22:10,2026-07-31 00:00:00
45808f54-e94a-559d-b689-45011c76a7d1,b8a9a90b-b682-59a3-9f6b-7573bca28843,30,2028-10-11,1333333.33,155555.56,1488888.89,PENDING,,2026-04-11 09:22:10,2026-07-31 00:00:00
69270b56-7209-5f2e-8627-e2a5614c57a4,b8a9a90b-b682-59a3-9f6b-7573bca28843,31,2028-11-11,1333333.33,133333.34,1466666.67,PENDING,,2026-04-11 09:22:10,2026-07-31 00:00:00
582934c4-6f32-55c1-816d-661e42b6b9bc,b8a9a90b-b682-59a3-9f6b-7573bca28843,32,2028-12-11,1333333.33,111111.11,1444444.44,PENDING,,2026-04-11 09:22:10,2026-07-31 00:00:00
17409b3d-2991-5e06-b0be-dd7283b345a8,b8a9a90b-b682-59a3-9f6b-7573bca28843,33,2029-01-11,1333333.33,88888.89,1422222.22,PENDING,,2026-04-11 09:22:10,2026-07-31 00:00:00
05ad5488-fe35-50fc-bb82-4decb8cf1ec3,b8a9a90b-b682-59a3-9f6b-7573bca28843,34,2029-02-11,1333333.33,66666.67,1400000.00,PENDING,,2026-04-11 09:22:10,2026-07-31 00:00:00
cf769eee-b4b5-5449-81ed-8569c9dac105,b8a9a90b-b682-59a3-9f6b-7573bca28843,35,2029-03-11,1333333.33,44444.45,1377777.78,PENDING,,2026-04-11 09:22:10,2026-07-31 00:00:00
40fa8e3b-9b6f-5956-b87b-9b4f64f3f43d,b8a9a90b-b682-59a3-9f6b-7573bca28843,36,2029-04-11,1333333.45,22222.22,1355555.67,PENDING,,2026-04-11 09:22:10,2026-07-31 00:00:00
1a4b250d-75f0-5d06-bef9-488c9dc35d8b,8344d69e-c363-5cb1-823d-2b2f90b3f593,1,2026-05-12,1555555.56,1120000.00,2675555.56,PARTIALLY_PAID,,2026-04-12 09:23:10,2026-05-12 00:00:00
19194200-af7f-5442-9e1c-72bfaf63eb4b,8344d69e-c363-5cb1-823d-2b2f90b3f593,2,2026-06-12,1555555.56,1088888.89,2644444.45,OVERDUE,,2026-04-12 09:23:10,2026-06-12 00:00:00
9e0d39b1-de52-5aa8-a0b1-5a3001a25b88,8344d69e-c363-5cb1-823d-2b2f90b3f593,3,2026-07-12,1555555.56,1057777.78,2613333.34,OVERDUE,,2026-04-12 09:23:10,2026-07-12 00:00:00
54f81567-aa7b-599d-8f6e-554cce5b47a2,8344d69e-c363-5cb1-823d-2b2f90b3f593,4,2026-08-12,1555555.56,1026666.67,2582222.23,PENDING,,2026-04-12 09:23:10,2026-07-31 00:00:00
5d7c2d74-c10b-51e3-9273-5ad9c7b967a8,8344d69e-c363-5cb1-823d-2b2f90b3f593,5,2026-09-12,1555555.56,995555.56,2551111.12,PENDING,,2026-04-12 09:23:10,2026-07-31 00:00:00
55e9535d-a329-5070-9d91-94a22bb468a5,8344d69e-c363-5cb1-823d-2b2f90b3f593,6,2026-10-12,1555555.56,964444.44,2520000.00,PENDING,,2026-04-12 09:23:10,2026-07-31 00:00:00
2b80129e-04f4-528c-a682-58bb6ba920a6,8344d69e-c363-5cb1-823d-2b2f90b3f593,7,2026-11-12,1555555.56,933333.33,2488888.89,PENDING,,2026-04-12 09:23:10,2026-07-31 00:00:00
10bc507d-2639-5de9-9f97-d72c6d9f33fc,8344d69e-c363-5cb1-823d-2b2f90b3f593,8,2026-12-12,1555555.56,902222.22,2457777.78,PENDING,,2026-04-12 09:23:10,2026-07-31 00:00:00
f7108070-a999-5c03-af8b-c255757bc22c,8344d69e-c363-5cb1-823d-2b2f90b3f593,9,2027-01-12,1555555.56,871111.11,2426666.67,PENDING,,2026-04-12 09:23:10,2026-07-31 00:00:00
b54952d7-fd65-5b43-aa4e-e3c960cbc551,8344d69e-c363-5cb1-823d-2b2f90b3f593,10,2027-02-12,1555555.56,840000.00,2395555.56,PENDING,,2026-04-12 09:23:10,2026-07-31 00:00:00
00fbf4b1-311b-5c9f-b618-6e865a6fb830,8344d69e-c363-5cb1-823d-2b2f90b3f593,11,2027-03-12,1555555.56,808888.89,2364444.45,PENDING,,2026-04-12 09:23:10,2026-07-31 00:00:00
68e16cde-7282-54a6-a5fc-c69294c46bf2,8344d69e-c363-5cb1-823d-2b2f90b3f593,12,2027-04-12,1555555.56,777777.78,2333333.34,PENDING,,2026-04-12 09:23:10,2026-07-31 00:00:00
d2636f05-910d-5f76-a7d5-bc8ae33a8e08,8344d69e-c363-5cb1-823d-2b2f90b3f593,13,2027-05-12,1555555.56,746666.67,2302222.23,PENDING,,2026-04-12 09:23:10,2026-07-31 00:00:00
569facf8-8e81-5008-835d-ec38916928e7,8344d69e-c363-5cb1-823d-2b2f90b3f593,14,2027-06-12,1555555.56,715555.55,2271111.11,PENDING,,2026-04-12 09:23:10,2026-07-31 00:00:00
7bc01b99-0a39-5901-8956-d6b452365069,8344d69e-c363-5cb1-823d-2b2f90b3f593,15,2027-07-12,1555555.56,684444.44,2240000.00,PENDING,,2026-04-12 09:23:10,2026-07-31 00:00:00
3c322d92-71b1-5726-9d88-48e4550b9a22,8344d69e-c363-5cb1-823d-2b2f90b3f593,16,2027-08-12,1555555.56,653333.33,2208888.89,PENDING,,2026-04-12 09:23:10,2026-07-31 00:00:00
0093cf38-0027-550c-aa16-f72dc38f9849,8344d69e-c363-5cb1-823d-2b2f90b3f593,17,2027-09-12,1555555.56,622222.22,2177777.78,PENDING,,2026-04-12 09:23:10,2026-07-31 00:00:00
d8418680-d544-51ea-a419-3c1273c3c1ab,8344d69e-c363-5cb1-823d-2b2f90b3f593,18,2027-10-12,1555555.56,591111.11,2146666.67,PENDING,,2026-04-12 09:23:10,2026-07-31 00:00:00
288b3cf7-56c6-5e25-8eb8-0324c9039709,8344d69e-c363-5cb1-823d-2b2f90b3f593,19,2027-11-12,1555555.56,560000.00,2115555.56,PENDING,,2026-04-12 09:23:10,2026-07-31 00:00:00
76e3978c-6799-5f41-ba03-3e6b06f76b3e,8344d69e-c363-5cb1-823d-2b2f90b3f593,20,2027-12-12,1555555.56,528888.89,2084444.45,PENDING,,2026-04-12 09:23:10,2026-07-31 00:00:00
0072b907-acf1-5775-9235-326e5b88077f,8344d69e-c363-5cb1-823d-2b2f90b3f593,21,2028-01-12,1555555.56,497777.78,2053333.34,PENDING,,2026-04-12 09:23:10,2026-07-31 00:00:00
56f588eb-407e-54a2-89e4-4c77afd981a3,8344d69e-c363-5cb1-823d-2b2f90b3f593,22,2028-02-12,1555555.56,466666.66,2022222.22,PENDING,,2026-04-12 09:23:10,2026-07-31 00:00:00
56933f25-422d-5bbe-8dbd-fa50eeb416b7,8344d69e-c363-5cb1-823d-2b2f90b3f593,23,2028-03-12,1555555.56,435555.55,1991111.11,PENDING,,2026-04-12 09:23:10,2026-07-31 00:00:00
e1b3f85d-36ca-5537-b1fe-975fc61c48f8,8344d69e-c363-5cb1-823d-2b2f90b3f593,24,2028-04-12,1555555.56,404444.44,1960000.00,PENDING,,2026-04-12 09:23:10,2026-07-31 00:00:00
d07b724b-cb2b-59d3-b2ad-01af7c2b4971,8344d69e-c363-5cb1-823d-2b2f90b3f593,25,2028-05-12,1555555.56,373333.33,1928888.89,PENDING,,2026-04-12 09:23:10,2026-07-31 00:00:00
db9cf157-ca48-53a6-8878-d9aa9a5663ce,8344d69e-c363-5cb1-823d-2b2f90b3f593,26,2028-06-12,1555555.56,342222.22,1897777.78,PENDING,,2026-04-12 09:23:10,2026-07-31 00:00:00
aa5725e7-be52-5f2c-a6e5-69c37dd08e8e,8344d69e-c363-5cb1-823d-2b2f90b3f593,27,2028-07-12,1555555.56,311111.11,1866666.67,PENDING,,2026-04-12 09:23:10,2026-07-31 00:00:00
abf69f14-91bd-50eb-ac1b-2b1d0f9a30c7,8344d69e-c363-5cb1-823d-2b2f90b3f593,28,2028-08-12,1555555.56,280000.00,1835555.56,PENDING,,2026-04-12 09:23:10,2026-07-31 00:00:00
087f10d6-2fe1-5940-8fae-a5c4e9cc9514,8344d69e-c363-5cb1-823d-2b2f90b3f593,29,2028-09-12,1555555.56,248888.89,1804444.45,PENDING,,2026-04-12 09:23:10,2026-07-31 00:00:00
62c65707-fdfc-5c97-bd31-a0f34d771809,8344d69e-c363-5cb1-823d-2b2f90b3f593,30,2028-10-12,1555555.56,217777.78,1773333.34,PENDING,,2026-04-12 09:23:10,2026-07-31 00:00:00
527cc038-9995-5462-bc38-8bff980ba260,8344d69e-c363-5cb1-823d-2b2f90b3f593,31,2028-11-12,1555555.56,186666.66,1742222.22,PENDING,,2026-04-12 09:23:10,2026-07-31 00:00:00
aa604ebc-64f4-5925-bbee-127f1da66af2,8344d69e-c363-5cb1-823d-2b2f90b3f593,32,2028-12-12,1555555.56,155555.55,1711111.11,PENDING,,2026-04-12 09:23:10,2026-07-31 00:00:00
2151acac-4ea0-5278-910b-2643a80cf29e,8344d69e-c363-5cb1-823d-2b2f90b3f593,33,2029-01-12,1555555.56,124444.44,1680000.00,PENDING,,2026-04-12 09:23:10,2026-07-31 00:00:00
bd3d7b57-3c05-5b9b-8426-eb579f6cb201,8344d69e-c363-5cb1-823d-2b2f90b3f593,34,2029-02-12,1555555.56,93333.33,1648888.89,PENDING,,2026-04-12 09:23:10,2026-07-31 00:00:00
88ace06c-280e-5041-80ed-817ff86702a4,8344d69e-c363-5cb1-823d-2b2f90b3f593,35,2029-03-12,1555555.56,62222.22,1617777.78,PENDING,,2026-04-12 09:23:10,2026-07-31 00:00:00
d877d379-16b7-50cf-8668-5643ae5a2ef5,8344d69e-c363-5cb1-823d-2b2f90b3f593,36,2029-04-12,1555555.40,31111.11,1586666.51,PENDING,,2026-04-12 09:23:10,2026-07-31 00:00:00
55bf8efb-638c-5c48-a09c-c982b549fcb6,62a7c349-5f90-5ac9-9f47-4cb7479a1ab8,1,2026-05-13,444444.44,266666.67,711111.11,PAID,2026-05-13 09:15:00,2026-04-13 09:24:10,2026-05-13 09:15:00
a15ae849-c33f-5c8d-b19a-232a062b4b34,62a7c349-5f90-5ac9-9f47-4cb7479a1ab8,2,2026-06-13,444444.44,259259.26,703703.70,PAID,2026-06-13 09:15:00,2026-04-13 09:24:10,2026-06-13 09:15:00
6dc62ddb-8696-599b-adc3-c2ef61354e74,62a7c349-5f90-5ac9-9f47-4cb7479a1ab8,3,2026-07-13,444444.44,251851.85,696296.29,PAID,2026-07-13 09:15:00,2026-04-13 09:24:10,2026-07-13 09:15:00
93cda622-7ea9-5f93-ad52-c8c1181fb618,62a7c349-5f90-5ac9-9f47-4cb7479a1ab8,4,2026-08-13,444444.44,244444.44,688888.88,PENDING,,2026-04-13 09:24:10,2026-07-31 00:00:00
2b23d183-8b37-54f4-bb1e-8bfdd638fcdc,62a7c349-5f90-5ac9-9f47-4cb7479a1ab8,5,2026-09-13,444444.44,237037.04,681481.48,PENDING,,2026-04-13 09:24:10,2026-07-31 00:00:00
93ace317-70cb-5f49-bb12-8a75940acafb,62a7c349-5f90-5ac9-9f47-4cb7479a1ab8,6,2026-10-13,444444.44,229629.63,674074.07,PENDING,,2026-04-13 09:24:10,2026-07-31 00:00:00
11497843-95d4-5cc9-9d0d-961f86f98171,62a7c349-5f90-5ac9-9f47-4cb7479a1ab8,7,2026-11-13,444444.44,222222.22,666666.66,PENDING,,2026-04-13 09:24:10,2026-07-31 00:00:00
3935e2a7-8647-5896-b70c-78fbf781b6b1,62a7c349-5f90-5ac9-9f47-4cb7479a1ab8,8,2026-12-13,444444.44,214814.82,659259.26,PENDING,,2026-04-13 09:24:10,2026-07-31 00:00:00
40c8c780-6f65-583c-b166-8f5161a7593a,62a7c349-5f90-5ac9-9f47-4cb7479a1ab8,9,2027-01-13,444444.44,207407.41,651851.85,PENDING,,2026-04-13 09:24:10,2026-07-31 00:00:00
15802464-83b9-5557-9024-ae756554f95d,62a7c349-5f90-5ac9-9f47-4cb7479a1ab8,10,2027-02-13,444444.44,200000.00,644444.44,PENDING,,2026-04-13 09:24:10,2026-07-31 00:00:00
cf9dd71d-1c85-5d1b-81e6-397e3df0de63,62a7c349-5f90-5ac9-9f47-4cb7479a1ab8,11,2027-03-13,444444.44,192592.59,637037.03,PENDING,,2026-04-13 09:24:10,2026-07-31 00:00:00
d60166e1-c257-5875-8d68-ca96564acf15,62a7c349-5f90-5ac9-9f47-4cb7479a1ab8,12,2027-04-13,444444.44,185185.19,629629.63,PENDING,,2026-04-13 09:24:10,2026-07-31 00:00:00
fb0d74ea-704d-56c0-832d-3c7de878ece5,62a7c349-5f90-5ac9-9f47-4cb7479a1ab8,13,2027-05-13,444444.44,177777.78,622222.22,PENDING,,2026-04-13 09:24:10,2026-07-31 00:00:00
1641dd33-573d-5d53-ac81-d62fac8102ba,62a7c349-5f90-5ac9-9f47-4cb7479a1ab8,14,2027-06-13,444444.44,170370.37,614814.81,PENDING,,2026-04-13 09:24:10,2026-07-31 00:00:00
27b2dd9a-ffc2-57f0-9838-20d025d41b2f,62a7c349-5f90-5ac9-9f47-4cb7479a1ab8,15,2027-07-13,444444.44,162962.96,607407.40,PENDING,,2026-04-13 09:24:10,2026-07-31 00:00:00
510082dc-9553-50b3-b777-c139ed3977c3,62a7c349-5f90-5ac9-9f47-4cb7479a1ab8,16,2027-08-13,444444.44,155555.56,600000.00,PENDING,,2026-04-13 09:24:10,2026-07-31 00:00:00
7b5e9a8c-b236-575e-a522-54ae82ffb2ec,62a7c349-5f90-5ac9-9f47-4cb7479a1ab8,17,2027-09-13,444444.44,148148.15,592592.59,PENDING,,2026-04-13 09:24:10,2026-07-31 00:00:00
0c7dadd4-120b-51a2-b7ce-4917d210e175,62a7c349-5f90-5ac9-9f47-4cb7479a1ab8,18,2027-10-13,444444.44,140740.74,585185.18,PENDING,,2026-04-13 09:24:10,2026-07-31 00:00:00
ec3ec5b8-1626-572c-8abb-41efc25029bd,62a7c349-5f90-5ac9-9f47-4cb7479a1ab8,19,2027-11-13,444444.44,133333.33,577777.77,PENDING,,2026-04-13 09:24:10,2026-07-31 00:00:00
4536b359-eca7-57a3-a555-00faedc308cf,62a7c349-5f90-5ac9-9f47-4cb7479a1ab8,20,2027-12-13,444444.44,125925.93,570370.37,PENDING,,2026-04-13 09:24:10,2026-07-31 00:00:00
de76d9a6-ec22-578c-b5a0-14c43472aaee,62a7c349-5f90-5ac9-9f47-4cb7479a1ab8,21,2028-01-13,444444.44,118518.52,562962.96,PENDING,,2026-04-13 09:24:10,2026-07-31 00:00:00
872ea2af-1617-5cec-b066-24e3f5cc767b,62a7c349-5f90-5ac9-9f47-4cb7479a1ab8,22,2028-02-13,444444.44,111111.11,555555.55,PENDING,,2026-04-13 09:24:10,2026-07-31 00:00:00
4f685445-1382-55a8-9fd1-cbacdef32a44,62a7c349-5f90-5ac9-9f47-4cb7479a1ab8,23,2028-03-13,444444.44,103703.71,548148.15,PENDING,,2026-04-13 09:24:10,2026-07-31 00:00:00
b035f362-7c42-5b17-980d-e248179e3df9,62a7c349-5f90-5ac9-9f47-4cb7479a1ab8,24,2028-04-13,444444.44,96296.30,540740.74,PENDING,,2026-04-13 09:24:10,2026-07-31 00:00:00
efdbfd0f-0f45-5911-b0f9-cdd94c1e6569,62a7c349-5f90-5ac9-9f47-4cb7479a1ab8,25,2028-05-13,444444.44,88888.89,533333.33,PENDING,,2026-04-13 09:24:10,2026-07-31 00:00:00
e3f1cf56-92ea-5503-9f08-471d08143428,62a7c349-5f90-5ac9-9f47-4cb7479a1ab8,26,2028-06-13,444444.44,81481.48,525925.92,PENDING,,2026-04-13 09:24:10,2026-07-31 00:00:00
c2686e2b-7439-540d-8de0-a1229d870d91,62a7c349-5f90-5ac9-9f47-4cb7479a1ab8,27,2028-07-13,444444.44,74074.08,518518.52,PENDING,,2026-04-13 09:24:10,2026-07-31 00:00:00
1e127012-9545-507b-833b-dfc82afcd804,62a7c349-5f90-5ac9-9f47-4cb7479a1ab8,28,2028-08-13,444444.44,66666.67,511111.11,PENDING,,2026-04-13 09:24:10,2026-07-31 00:00:00
056baffd-b6e9-5e92-bde1-7ffe7cc48495,62a7c349-5f90-5ac9-9f47-4cb7479a1ab8,29,2028-09-13,444444.44,59259.26,503703.70,PENDING,,2026-04-13 09:24:10,2026-07-31 00:00:00
11963ae2-e85b-574f-9bda-5faa8ad485b9,62a7c349-5f90-5ac9-9f47-4cb7479a1ab8,30,2028-10-13,444444.44,51851.85,496296.29,PENDING,,2026-04-13 09:24:10,2026-07-31 00:00:00
b346e931-d46d-5b52-a7a7-d77870e9b562,62a7c349-5f90-5ac9-9f47-4cb7479a1ab8,31,2028-11-13,444444.44,44444.45,488888.89,PENDING,,2026-04-13 09:24:10,2026-07-31 00:00:00
3fe516ac-f30a-54eb-8f03-834c4fe20e20,62a7c349-5f90-5ac9-9f47-4cb7479a1ab8,32,2028-12-13,444444.44,37037.04,481481.48,PENDING,,2026-04-13 09:24:10,2026-07-31 00:00:00
3f3b0ed8-38e6-5f94-9213-d87f6dd5ccd2,62a7c349-5f90-5ac9-9f47-4cb7479a1ab8,33,2029-01-13,444444.44,29629.63,474074.07,PENDING,,2026-04-13 09:24:10,2026-07-31 00:00:00
69d2ccae-0075-5b9e-9cd2-b4f39123bcc0,62a7c349-5f90-5ac9-9f47-4cb7479a1ab8,34,2029-02-13,444444.44,22222.22,466666.66,PENDING,,2026-04-13 09:24:10,2026-07-31 00:00:00
3fe4fa9a-5207-50b6-85c8-f26456649e7e,62a7c349-5f90-5ac9-9f47-4cb7479a1ab8,35,2029-03-13,444444.44,14814.82,459259.26,PENDING,,2026-04-13 09:24:10,2026-07-31 00:00:00
3dafdebf-ae3f-59bd-9679-7ebda69a9ccd,62a7c349-5f90-5ac9-9f47-4cb7479a1ab8,36,2029-04-13,444444.60,7407.41,451852.01,PENDING,,2026-04-13 09:24:10,2026-07-31 00:00:00
9b539790-3e0e-5fd9-b274-0ce803c4e99c,50c2d458-fb8f-533f-9ca6-dc0ecfa6637a,1,2025-02-06,4000000.00,480000.00,4480000.00,PAID,2025-02-06 09:15:00,2025-01-06 09:25:10,2025-02-06 09:15:00
b7721f49-7079-5e07-95ed-2d99f46b86d6,50c2d458-fb8f-533f-9ca6-dc0ecfa6637a,2,2025-03-06,4000000.00,400000.00,4400000.00,PAID,2025-03-06 09:15:00,2025-01-06 09:25:10,2025-03-06 09:15:00
e5c50f97-564f-54d3-ad22-77cd5e40509d,50c2d458-fb8f-533f-9ca6-dc0ecfa6637a,3,2025-04-06,4000000.00,320000.00,4320000.00,PAID,2025-04-06 09:15:00,2025-01-06 09:25:10,2025-04-06 09:15:00
ce4a9eda-e5f2-5379-be55-dbad581bc7b9,50c2d458-fb8f-533f-9ca6-dc0ecfa6637a,4,2025-05-06,4000000.00,240000.00,4240000.00,PAID,2025-05-06 09:15:00,2025-01-06 09:25:10,2025-05-06 09:15:00
21824033-de3a-561f-9b0b-abfdb800a780,50c2d458-fb8f-533f-9ca6-dc0ecfa6637a,5,2025-06-06,4000000.00,160000.00,4160000.00,PAID,2025-06-06 09:15:00,2025-01-06 09:25:10,2025-06-06 09:15:00
5d2b696f-746b-5080-8f03-ba235d009538,50c2d458-fb8f-533f-9ca6-dc0ecfa6637a,6,2025-07-06,4000000.00,80000.00,4080000.00,PAID,2025-07-06 09:15:00,2025-01-06 09:25:10,2025-07-06 09:15:00
9addc476-e47f-52b1-83b8-56e904147a98,2c388d35-633d-5223-b05b-6953372d60f7,1,2026-06-11,444444.44,266666.67,711111.11,OVERDUE,,2026-05-11 09:36:10,2026-06-11 00:00:00
bbbb0c6c-d4f9-5463-a9d3-f2e745b96a8c,2c388d35-633d-5223-b05b-6953372d60f7,2,2026-07-11,444444.44,259259.26,703703.70,OVERDUE,,2026-05-11 09:36:10,2026-07-11 00:00:00
f8e25d73-67e8-5214-a434-2e7c7a48e1bb,2c388d35-633d-5223-b05b-6953372d60f7,3,2026-08-11,444444.44,251851.85,696296.29,PENDING,,2026-05-11 09:36:10,2026-07-31 00:00:00
46713412-f858-56d0-b791-7931bef11588,2c388d35-633d-5223-b05b-6953372d60f7,4,2026-09-11,444444.44,244444.44,688888.88,PENDING,,2026-05-11 09:36:10,2026-07-31 00:00:00
1b3e3228-28d5-5fcd-b9c4-2a3096e767df,2c388d35-633d-5223-b05b-6953372d60f7,5,2026-10-11,444444.44,237037.04,681481.48,PENDING,,2026-05-11 09:36:10,2026-07-31 00:00:00
91b2cf08-1bc4-5411-8764-b04145d05fdb,2c388d35-633d-5223-b05b-6953372d60f7,6,2026-11-11,444444.44,229629.63,674074.07,PENDING,,2026-05-11 09:36:10,2026-07-31 00:00:00
af612702-77d4-5c29-b30c-633fb371f3b7,2c388d35-633d-5223-b05b-6953372d60f7,7,2026-12-11,444444.44,222222.22,666666.66,PENDING,,2026-05-11 09:36:10,2026-07-31 00:00:00
8aee08ef-b99f-5a30-8d62-95ac6e6e4d6a,2c388d35-633d-5223-b05b-6953372d60f7,8,2027-01-11,444444.44,214814.82,659259.26,PENDING,,2026-05-11 09:36:10,2026-07-31 00:00:00
087b2734-af78-5f15-ba9a-2661669fe665,2c388d35-633d-5223-b05b-6953372d60f7,9,2027-02-11,444444.44,207407.41,651851.85,PENDING,,2026-05-11 09:36:10,2026-07-31 00:00:00
49e06431-6dc7-5344-96df-3625404c6413,2c388d35-633d-5223-b05b-6953372d60f7,10,2027-03-11,444444.44,200000.00,644444.44,PENDING,,2026-05-11 09:36:10,2026-07-31 00:00:00
552a128d-9488-5324-8974-4975962a578b,2c388d35-633d-5223-b05b-6953372d60f7,11,2027-04-11,444444.44,192592.59,637037.03,PENDING,,2026-05-11 09:36:10,2026-07-31 00:00:00
4c74a5f4-bb96-5298-a440-c89de20fedbe,2c388d35-633d-5223-b05b-6953372d60f7,12,2027-05-11,444444.44,185185.19,629629.63,PENDING,,2026-05-11 09:36:10,2026-07-31 00:00:00
12c64697-9689-5cad-9daf-747b9ff162a4,2c388d35-633d-5223-b05b-6953372d60f7,13,2027-06-11,444444.44,177777.78,622222.22,PENDING,,2026-05-11 09:36:10,2026-07-31 00:00:00
2474770b-4199-51e5-9455-e470bec6036d,2c388d35-633d-5223-b05b-6953372d60f7,14,2027-07-11,444444.44,170370.37,614814.81,PENDING,,2026-05-11 09:36:10,2026-07-31 00:00:00
0b5a3743-d878-5257-b752-8f7db07ae59a,2c388d35-633d-5223-b05b-6953372d60f7,15,2027-08-11,444444.44,162962.96,607407.40,PENDING,,2026-05-11 09:36:10,2026-07-31 00:00:00
71192cfb-a7cb-5428-a4b5-54eee185c9b9,2c388d35-633d-5223-b05b-6953372d60f7,16,2027-09-11,444444.44,155555.56,600000.00,PENDING,,2026-05-11 09:36:10,2026-07-31 00:00:00
7ee9dd69-2bb9-521e-af77-f16ba967c3a9,2c388d35-633d-5223-b05b-6953372d60f7,17,2027-10-11,444444.44,148148.15,592592.59,PENDING,,2026-05-11 09:36:10,2026-07-31 00:00:00
df791b41-ddfe-571f-a4a2-97ae75681ba1,2c388d35-633d-5223-b05b-6953372d60f7,18,2027-11-11,444444.44,140740.74,585185.18,PENDING,,2026-05-11 09:36:10,2026-07-31 00:00:00
7989ef35-7ceb-5efd-aa02-bd70e306bc30,2c388d35-633d-5223-b05b-6953372d60f7,19,2027-12-11,444444.44,133333.33,577777.77,PENDING,,2026-05-11 09:36:10,2026-07-31 00:00:00
ee753aad-3903-5a36-a578-1015dddab678,2c388d35-633d-5223-b05b-6953372d60f7,20,2028-01-11,444444.44,125925.93,570370.37,PENDING,,2026-05-11 09:36:10,2026-07-31 00:00:00
2d430d43-ab91-5690-8903-24097013a946,2c388d35-633d-5223-b05b-6953372d60f7,21,2028-02-11,444444.44,118518.52,562962.96,PENDING,,2026-05-11 09:36:10,2026-07-31 00:00:00
a2ac862c-b6e2-5e26-98eb-2a1cd4d2a80e,2c388d35-633d-5223-b05b-6953372d60f7,22,2028-03-11,444444.44,111111.11,555555.55,PENDING,,2026-05-11 09:36:10,2026-07-31 00:00:00
abd31e5e-5ac4-5683-9372-2383284ff910,2c388d35-633d-5223-b05b-6953372d60f7,23,2028-04-11,444444.44,103703.71,548148.15,PENDING,,2026-05-11 09:36:10,2026-07-31 00:00:00
38d39bff-35bb-5fc4-809f-d145056c2d0b,2c388d35-633d-5223-b05b-6953372d60f7,24,2028-05-11,444444.44,96296.30,540740.74,PENDING,,2026-05-11 09:36:10,2026-07-31 00:00:00
bf089010-79c4-5854-a3ff-813b3abf8c3a,2c388d35-633d-5223-b05b-6953372d60f7,25,2028-06-11,444444.44,88888.89,533333.33,PENDING,,2026-05-11 09:36:10,2026-07-31 00:00:00
4275923b-44da-5e77-83c9-b35252f1b291,2c388d35-633d-5223-b05b-6953372d60f7,26,2028-07-11,444444.44,81481.48,525925.92,PENDING,,2026-05-11 09:36:10,2026-07-31 00:00:00
8fc362ce-9ac6-5350-8714-0d41e2147a44,2c388d35-633d-5223-b05b-6953372d60f7,27,2028-08-11,444444.44,74074.08,518518.52,PENDING,,2026-05-11 09:36:10,2026-07-31 00:00:00
c80e86d5-5c35-55cc-861d-3a3e247b6154,2c388d35-633d-5223-b05b-6953372d60f7,28,2028-09-11,444444.44,66666.67,511111.11,PENDING,,2026-05-11 09:36:10,2026-07-31 00:00:00
2e95813a-85c2-5524-9e0c-d3b3c7b82d89,2c388d35-633d-5223-b05b-6953372d60f7,29,2028-10-11,444444.44,59259.26,503703.70,PENDING,,2026-05-11 09:36:10,2026-07-31 00:00:00
cd5be177-9a4d-56df-b11d-dc48ed1912af,2c388d35-633d-5223-b05b-6953372d60f7,30,2028-11-11,444444.44,51851.85,496296.29,PENDING,,2026-05-11 09:36:10,2026-07-31 00:00:00
2f3acac7-cdbf-5416-b8df-3df2a3f85905,2c388d35-633d-5223-b05b-6953372d60f7,31,2028-12-11,444444.44,44444.45,488888.89,PENDING,,2026-05-11 09:36:10,2026-07-31 00:00:00
bd3e4f77-89f1-5b40-b08b-eb08c4f40ca3,2c388d35-633d-5223-b05b-6953372d60f7,32,2029-01-11,444444.44,37037.04,481481.48,PENDING,,2026-05-11 09:36:10,2026-07-31 00:00:00
f8714a10-1c99-5554-9d0f-1170e1faddde,2c388d35-633d-5223-b05b-6953372d60f7,33,2029-02-11,444444.44,29629.63,474074.07,PENDING,,2026-05-11 09:36:10,2026-07-31 00:00:00
d4987769-b56a-5b68-86f4-ceb6b7d1ae1b,2c388d35-633d-5223-b05b-6953372d60f7,34,2029-03-11,444444.44,22222.22,466666.66,PENDING,,2026-05-11 09:36:10,2026-07-31 00:00:00
e7c1c6c0-e276-5477-9b35-52d17367ab1b,2c388d35-633d-5223-b05b-6953372d60f7,35,2029-04-11,444444.44,14814.82,459259.26,PENDING,,2026-05-11 09:36:10,2026-07-31 00:00:00
d667216a-f869-55d1-9696-140cccee37b5,2c388d35-633d-5223-b05b-6953372d60f7,36,2029-05-11,444444.60,7407.41,451852.01,PENDING,,2026-05-11 09:36:10,2026-07-31 00:00:00
4c3e3384-aa35-5ae0-bd87-3b9e91955100,16c42b5b-d3f0-5cf0-a9de-ca96509683a4,1,2026-06-12,666666.67,480000.00,1146666.67,PARTIALLY_PAID,,2026-05-12 09:37:10,2026-06-12 00:00:00
b5599782-d6c0-5c0d-ba4d-6c2253d43086,16c42b5b-d3f0-5cf0-a9de-ca96509683a4,2,2026-07-12,666666.67,466666.67,1133333.34,OVERDUE,,2026-05-12 09:37:10,2026-07-12 00:00:00
7ab960c2-b916-58fd-8b12-cf485787b121,16c42b5b-d3f0-5cf0-a9de-ca96509683a4,3,2026-08-12,666666.67,453333.33,1120000.00,PENDING,,2026-05-12 09:37:10,2026-07-31 00:00:00
d9b3db94-1010-516f-9108-79350145bf36,16c42b5b-d3f0-5cf0-a9de-ca96509683a4,4,2026-09-12,666666.67,440000.00,1106666.67,PENDING,,2026-05-12 09:37:10,2026-07-31 00:00:00
04abbc37-9851-5f1a-bf51-d3c8e630aee0,16c42b5b-d3f0-5cf0-a9de-ca96509683a4,5,2026-10-12,666666.67,426666.67,1093333.34,PENDING,,2026-05-12 09:37:10,2026-07-31 00:00:00
6547caba-21fb-5559-bc3a-6e1ee3754c24,16c42b5b-d3f0-5cf0-a9de-ca96509683a4,6,2026-11-12,666666.67,413333.33,1080000.00,PENDING,,2026-05-12 09:37:10,2026-07-31 00:00:00
4625caac-425b-5f79-951e-fef1ce876bf9,16c42b5b-d3f0-5cf0-a9de-ca96509683a4,7,2026-12-12,666666.67,400000.00,1066666.67,PENDING,,2026-05-12 09:37:10,2026-07-31 00:00:00
c18ccd53-8b27-5cf7-9c91-b55c72167864,16c42b5b-d3f0-5cf0-a9de-ca96509683a4,8,2027-01-12,666666.67,386666.67,1053333.34,PENDING,,2026-05-12 09:37:10,2026-07-31 00:00:00
1e3809ab-cc39-5f86-b8d1-6b42ceaa9856,16c42b5b-d3f0-5cf0-a9de-ca96509683a4,9,2027-02-12,666666.67,373333.33,1040000.00,PENDING,,2026-05-12 09:37:10,2026-07-31 00:00:00
4e2c2705-c1b7-5cad-80cc-286f158acaea,16c42b5b-d3f0-5cf0-a9de-ca96509683a4,10,2027-03-12,666666.67,360000.00,1026666.67,PENDING,,2026-05-12 09:37:10,2026-07-31 00:00:00
04c11829-a4f3-5dfd-8339-e865eb0fb9b5,16c42b5b-d3f0-5cf0-a9de-ca96509683a4,11,2027-04-12,666666.67,346666.67,1013333.34,PENDING,,2026-05-12 09:37:10,2026-07-31 00:00:00
530064b4-bf3d-569d-9ad6-efd88f5069af,16c42b5b-d3f0-5cf0-a9de-ca96509683a4,12,2027-05-12,666666.67,333333.33,1000000.00,PENDING,,2026-05-12 09:37:10,2026-07-31 00:00:00
2a16c0b2-4bf5-5241-8ce5-b5a31e9fb779,16c42b5b-d3f0-5cf0-a9de-ca96509683a4,13,2027-06-12,666666.67,320000.00,986666.67,PENDING,,2026-05-12 09:37:10,2026-07-31 00:00:00
85aa4ab7-fd6e-5607-a046-37384692cf89,16c42b5b-d3f0-5cf0-a9de-ca96509683a4,14,2027-07-12,666666.67,306666.67,973333.34,PENDING,,2026-05-12 09:37:10,2026-07-31 00:00:00
32ea7505-b8ba-5438-ac97-770f6a366e03,16c42b5b-d3f0-5cf0-a9de-ca96509683a4,15,2027-08-12,666666.67,293333.33,960000.00,PENDING,,2026-05-12 09:37:10,2026-07-31 00:00:00
0a9ce3a6-6de0-5040-b58d-faf8d7c80784,16c42b5b-d3f0-5cf0-a9de-ca96509683a4,16,2027-09-12,666666.67,280000.00,946666.67,PENDING,,2026-05-12 09:37:10,2026-07-31 00:00:00
32366398-06f6-55cf-83b9-41cbd195a022,16c42b5b-d3f0-5cf0-a9de-ca96509683a4,17,2027-10-12,666666.67,266666.67,933333.34,PENDING,,2026-05-12 09:37:10,2026-07-31 00:00:00
8cd2f56f-780a-59d1-a236-6ebba6e6730c,16c42b5b-d3f0-5cf0-a9de-ca96509683a4,18,2027-11-12,666666.67,253333.33,920000.00,PENDING,,2026-05-12 09:37:10,2026-07-31 00:00:00
ccd767b8-88bf-5e35-9a9e-095790220f03,16c42b5b-d3f0-5cf0-a9de-ca96509683a4,19,2027-12-12,666666.67,240000.00,906666.67,PENDING,,2026-05-12 09:37:10,2026-07-31 00:00:00
1dfede42-dcaa-5324-8089-1977922e1ad2,16c42b5b-d3f0-5cf0-a9de-ca96509683a4,20,2028-01-12,666666.67,226666.67,893333.34,PENDING,,2026-05-12 09:37:10,2026-07-31 00:00:00
7d83cf9e-ae6b-566d-bf21-edb3da3dad07,16c42b5b-d3f0-5cf0-a9de-ca96509683a4,21,2028-02-12,666666.67,213333.33,880000.00,PENDING,,2026-05-12 09:37:10,2026-07-31 00:00:00
95b6e1f6-e49b-5548-90eb-ec8f9236f544,16c42b5b-d3f0-5cf0-a9de-ca96509683a4,22,2028-03-12,666666.67,200000.00,866666.67,PENDING,,2026-05-12 09:37:10,2026-07-31 00:00:00
7d03e826-99a0-5a13-9f2c-23870965e3ae,16c42b5b-d3f0-5cf0-a9de-ca96509683a4,23,2028-04-12,666666.67,186666.67,853333.34,PENDING,,2026-05-12 09:37:10,2026-07-31 00:00:00
bcafe24b-5391-5f83-9900-1696f44e4664,16c42b5b-d3f0-5cf0-a9de-ca96509683a4,24,2028-05-12,666666.67,173333.33,840000.00,PENDING,,2026-05-12 09:37:10,2026-07-31 00:00:00
37615d02-2d88-52ea-83f8-84c611ede61c,16c42b5b-d3f0-5cf0-a9de-ca96509683a4,25,2028-06-12,666666.67,160000.00,826666.67,PENDING,,2026-05-12 09:37:10,2026-07-31 00:00:00
15c298e6-e07d-5d89-b036-b97cf2c31435,16c42b5b-d3f0-5cf0-a9de-ca96509683a4,26,2028-07-12,666666.67,146666.67,813333.34,PENDING,,2026-05-12 09:37:10,2026-07-31 00:00:00
eaf52652-8583-5670-b5ef-e0b94847e653,16c42b5b-d3f0-5cf0-a9de-ca96509683a4,27,2028-08-12,666666.67,133333.33,800000.00,PENDING,,2026-05-12 09:37:10,2026-07-31 00:00:00
ffdb6267-cb10-5688-a7e3-f89bceb99f9c,16c42b5b-d3f0-5cf0-a9de-ca96509683a4,28,2028-09-12,666666.67,120000.00,786666.67,PENDING,,2026-05-12 09:37:10,2026-07-31 00:00:00
01e1708c-8180-579d-b40f-1e459214b2e5,16c42b5b-d3f0-5cf0-a9de-ca96509683a4,29,2028-10-12,666666.67,106666.66,773333.33,PENDING,,2026-05-12 09:37:10,2026-07-31 00:00:00
c5fffd9d-ed68-5810-8101-00b62652b086,16c42b5b-d3f0-5cf0-a9de-ca96509683a4,30,2028-11-12,666666.67,93333.33,760000.00,PENDING,,2026-05-12 09:37:10,2026-07-31 00:00:00
ad151b13-e3e2-5ac9-9b20-ff1222ffbbdd,16c42b5b-d3f0-5cf0-a9de-ca96509683a4,31,2028-12-12,666666.67,80000.00,746666.67,PENDING,,2026-05-12 09:37:10,2026-07-31 00:00:00
93ec55e8-2b95-5cbe-b29e-ede99b224a6b,16c42b5b-d3f0-5cf0-a9de-ca96509683a4,32,2029-01-12,666666.67,66666.66,733333.33,PENDING,,2026-05-12 09:37:10,2026-07-31 00:00:00
7507bab4-ce45-543c-bffb-d2ca282338f3,16c42b5b-d3f0-5cf0-a9de-ca96509683a4,33,2029-02-12,666666.67,53333.33,720000.00,PENDING,,2026-05-12 09:37:10,2026-07-31 00:00:00
04d26af9-6f24-54e1-ac5e-439bd757e32d,16c42b5b-d3f0-5cf0-a9de-ca96509683a4,34,2029-03-12,666666.67,40000.00,706666.67,PENDING,,2026-05-12 09:37:10,2026-07-31 00:00:00
f587c524-7e76-5b1e-b020-8120949825d8,16c42b5b-d3f0-5cf0-a9de-ca96509683a4,35,2029-04-12,666666.67,26666.66,693333.33,PENDING,,2026-05-12 09:37:10,2026-07-31 00:00:00
d01a2855-1b0d-5857-95ae-ec81600d5ad8,16c42b5b-d3f0-5cf0-a9de-ca96509683a4,36,2029-05-12,666666.55,13333.33,679999.88,PENDING,,2026-05-12 09:37:10,2026-07-31 00:00:00
e72e593a-7551-5d1e-b9b2-23c14a061e3f,7d5f5758-22b2-5166-be2e-bfc979b77475,1,2026-06-13,888888.89,533333.33,1422222.22,PAID,2026-06-13 09:15:00,2026-05-13 09:38:10,2026-06-13 09:15:00
d3da9252-b3eb-5f0f-8eac-e9aa2dcab174,7d5f5758-22b2-5166-be2e-bfc979b77475,2,2026-07-13,888888.89,518518.52,1407407.41,PAID,2026-07-13 09:15:00,2026-05-13 09:38:10,2026-07-13 09:15:00
8d2bde12-2eab-5931-8360-78c7032b307c,7d5f5758-22b2-5166-be2e-bfc979b77475,3,2026-08-13,888888.89,503703.70,1392592.59,PENDING,,2026-05-13 09:38:10,2026-07-31 00:00:00
3a0ecb9e-2f56-520f-923b-ddfb2da14e26,7d5f5758-22b2-5166-be2e-bfc979b77475,4,2026-09-13,888888.89,488888.89,1377777.78,PENDING,,2026-05-13 09:38:10,2026-07-31 00:00:00
eed69e46-6dc9-583a-8243-17ff7ddccaa3,7d5f5758-22b2-5166-be2e-bfc979b77475,5,2026-10-13,888888.89,474074.07,1362962.96,PENDING,,2026-05-13 09:38:10,2026-07-31 00:00:00
030ac5c8-5744-5751-ab23-dbee490a2377,7d5f5758-22b2-5166-be2e-bfc979b77475,6,2026-11-13,888888.89,459259.26,1348148.15,PENDING,,2026-05-13 09:38:10,2026-07-31 00:00:00
761a6bda-e5c5-56c8-b7ee-7c152e0bb50a,7d5f5758-22b2-5166-be2e-bfc979b77475,7,2026-12-13,888888.89,444444.44,1333333.33,PENDING,,2026-05-13 09:38:10,2026-07-31 00:00:00
d5cb45ad-b084-5877-af00-bf6218ac08ab,7d5f5758-22b2-5166-be2e-bfc979b77475,8,2027-01-13,888888.89,429629.63,1318518.52,PENDING,,2026-05-13 09:38:10,2026-07-31 00:00:00
6781bc11-ebc7-5815-9b62-a9fe60501b55,7d5f5758-22b2-5166-be2e-bfc979b77475,9,2027-02-13,888888.89,414814.81,1303703.70,PENDING,,2026-05-13 09:38:10,2026-07-31 00:00:00
25ec63f5-930a-55ab-abc3-3df3cbeba72a,7d5f5758-22b2-5166-be2e-bfc979b77475,10,2027-03-13,888888.89,400000.00,1288888.89,PENDING,,2026-05-13 09:38:10,2026-07-31 00:00:00
6ba1e185-50eb-561c-96e7-4e651610d2c7,7d5f5758-22b2-5166-be2e-bfc979b77475,11,2027-04-13,888888.89,385185.19,1274074.08,PENDING,,2026-05-13 09:38:10,2026-07-31 00:00:00
f555d279-8525-5a3d-9dcb-0cd225148d45,7d5f5758-22b2-5166-be2e-bfc979b77475,12,2027-05-13,888888.89,370370.37,1259259.26,PENDING,,2026-05-13 09:38:10,2026-07-31 00:00:00
c4c28a20-4b4e-52b0-a381-401cd6bb8140,7d5f5758-22b2-5166-be2e-bfc979b77475,13,2027-06-13,888888.89,355555.56,1244444.45,PENDING,,2026-05-13 09:38:10,2026-07-31 00:00:00
c08a86b3-0f16-5487-ae40-73f56925f6a3,7d5f5758-22b2-5166-be2e-bfc979b77475,14,2027-07-13,888888.89,340740.74,1229629.63,PENDING,,2026-05-13 09:38:10,2026-07-31 00:00:00
648a8259-a14d-508b-b9c6-1d7fab2816e4,7d5f5758-22b2-5166-be2e-bfc979b77475,15,2027-08-13,888888.89,325925.93,1214814.82,PENDING,,2026-05-13 09:38:10,2026-07-31 00:00:00
857183f9-36c5-5643-8fce-97c8f5199d88,7d5f5758-22b2-5166-be2e-bfc979b77475,16,2027-09-13,888888.89,311111.11,1200000.00,PENDING,,2026-05-13 09:38:10,2026-07-31 00:00:00
f6d06f29-d73f-5e7b-8b40-59cd137de9ea,7d5f5758-22b2-5166-be2e-bfc979b77475,17,2027-10-13,888888.89,296296.30,1185185.19,PENDING,,2026-05-13 09:38:10,2026-07-31 00:00:00
9ac81078-6a02-57ae-a496-ea3ce2997dcf,7d5f5758-22b2-5166-be2e-bfc979b77475,18,2027-11-13,888888.89,281481.48,1170370.37,PENDING,,2026-05-13 09:38:10,2026-07-31 00:00:00
eccd6360-a75b-5c73-b350-9d002eb5cb2d,7d5f5758-22b2-5166-be2e-bfc979b77475,19,2027-12-13,888888.89,266666.67,1155555.56,PENDING,,2026-05-13 09:38:10,2026-07-31 00:00:00
c37e06ed-2ce8-5749-a0ff-72f74cdaf6bd,7d5f5758-22b2-5166-be2e-bfc979b77475,20,2028-01-13,888888.89,251851.85,1140740.74,PENDING,,2026-05-13 09:38:10,2026-07-31 00:00:00
f64167d0-1aaf-5be8-9415-cee086d58599,7d5f5758-22b2-5166-be2e-bfc979b77475,21,2028-02-13,888888.89,237037.04,1125925.93,PENDING,,2026-05-13 09:38:10,2026-07-31 00:00:00
99095c1a-2be5-5b65-af09-adad9911910a,7d5f5758-22b2-5166-be2e-bfc979b77475,22,2028-03-13,888888.89,222222.22,1111111.11,PENDING,,2026-05-13 09:38:10,2026-07-31 00:00:00
509de284-8448-5bc1-ba55-be8df2d61169,7d5f5758-22b2-5166-be2e-bfc979b77475,23,2028-04-13,888888.89,207407.41,1096296.30,PENDING,,2026-05-13 09:38:10,2026-07-31 00:00:00
75806204-b0d5-5f54-8715-50f04f711945,7d5f5758-22b2-5166-be2e-bfc979b77475,24,2028-05-13,888888.89,192592.59,1081481.48,PENDING,,2026-05-13 09:38:10,2026-07-31 00:00:00
92d12d50-79af-5d56-97a4-646ebf21d866,7d5f5758-22b2-5166-be2e-bfc979b77475,25,2028-06-13,888888.89,177777.78,1066666.67,PENDING,,2026-05-13 09:38:10,2026-07-31 00:00:00
e4b8cc76-dbdb-5ab6-9eaf-a3a5f4e9b20a,7d5f5758-22b2-5166-be2e-bfc979b77475,26,2028-07-13,888888.89,162962.96,1051851.85,PENDING,,2026-05-13 09:38:10,2026-07-31 00:00:00
75a7cd02-8d77-5da7-b7e3-e157aa403f5d,7d5f5758-22b2-5166-be2e-bfc979b77475,27,2028-08-13,888888.89,148148.15,1037037.04,PENDING,,2026-05-13 09:38:10,2026-07-31 00:00:00
4ac49cdc-3418-5d5e-bb49-33fa07ed861d,7d5f5758-22b2-5166-be2e-bfc979b77475,28,2028-09-13,888888.89,133333.33,1022222.22,PENDING,,2026-05-13 09:38:10,2026-07-31 00:00:00
2085919d-ef56-522e-8009-0dad199bdd8c,7d5f5758-22b2-5166-be2e-bfc979b77475,29,2028-10-13,888888.89,118518.52,1007407.41,PENDING,,2026-05-13 09:38:10,2026-07-31 00:00:00
2f88705b-b4dc-5651-a2e8-123bdf022191,7d5f5758-22b2-5166-be2e-bfc979b77475,30,2028-11-13,888888.89,103703.70,992592.59,PENDING,,2026-05-13 09:38:10,2026-07-31 00:00:00
65e6c683-f102-59f8-ace1-4bbb52803429,7d5f5758-22b2-5166-be2e-bfc979b77475,31,2028-12-13,888888.89,88888.89,977777.78,PENDING,,2026-05-13 09:38:10,2026-07-31 00:00:00
a2c74f37-8729-55b4-b5d1-5f39c35c01fb,7d5f5758-22b2-5166-be2e-bfc979b77475,32,2029-01-13,888888.89,74074.07,962962.96,PENDING,,2026-05-13 09:38:10,2026-07-31 00:00:00
3f03af46-18bb-52ea-8935-06645ae2c641,7d5f5758-22b2-5166-be2e-bfc979b77475,33,2029-02-13,888888.89,59259.26,948148.15,PENDING,,2026-05-13 09:38:10,2026-07-31 00:00:00
847904b7-9b60-5fee-adf5-d736a5976614,7d5f5758-22b2-5166-be2e-bfc979b77475,34,2029-03-13,888888.89,44444.44,933333.33,PENDING,,2026-05-13 09:38:10,2026-07-31 00:00:00
fd327c3b-9242-5caa-acb7-b48e36df3d18,7d5f5758-22b2-5166-be2e-bfc979b77475,35,2029-04-13,888888.89,29629.63,918518.52,PENDING,,2026-05-13 09:38:10,2026-07-31 00:00:00
b77e9691-4c5a-59a7-921e-9d822d92b05a,7d5f5758-22b2-5166-be2e-bfc979b77475,36,2029-05-13,888888.85,14814.81,903703.66,PENDING,,2026-05-13 09:38:10,2026-07-31 00:00:00
e552e69e-eea4-572d-bf49-e4baa4f5772b,f7cfb30e-062c-5533-9295-f2fd8f86d7ed,1,2025-03-05,6666666.67,800000.00,7466666.67,PAID,2025-03-05 09:15:00,2025-02-05 09:39:10,2025-03-05 09:15:00
b031aed5-4e41-55ee-9956-11be1ed3f880,f7cfb30e-062c-5533-9295-f2fd8f86d7ed,2,2025-04-05,6666666.67,666666.67,7333333.34,PAID,2025-04-05 09:15:00,2025-02-05 09:39:10,2025-04-05 09:15:00
b8ec3766-6ea1-589c-bc5d-1fbf3d247557,f7cfb30e-062c-5533-9295-f2fd8f86d7ed,3,2025-05-05,6666666.67,533333.33,7200000.00,PAID,2025-05-05 09:15:00,2025-02-05 09:39:10,2025-05-05 09:15:00
85ca7de8-a094-5615-a6be-423bb4160eb3,f7cfb30e-062c-5533-9295-f2fd8f86d7ed,4,2025-06-05,6666666.67,400000.00,7066666.67,PAID,2025-06-05 09:15:00,2025-02-05 09:39:10,2025-06-05 09:15:00
d5055df2-2980-520c-a228-3f1fc44a7d50,f7cfb30e-062c-5533-9295-f2fd8f86d7ed,5,2025-07-05,6666666.67,266666.67,6933333.34,PAID,2025-07-05 09:15:00,2025-02-05 09:39:10,2025-07-05 09:15:00
96f109e1-45de-5c22-88e6-86dc18194ba2,f7cfb30e-062c-5533-9295-f2fd8f86d7ed,6,2025-08-05,6666666.65,133333.33,6799999.98,PAID,2025-08-05 09:15:00,2025-02-05 09:39:10,2025-08-05 09:15:00
